type,name,rankingPosition,priceLevel,category,rating,phone,address,email,webUrl,website,rankingDenominator,rankingString,numberOfReviews
ATTRACTION,Beira Lake,24,,attraction,3.5,,"02 Colombo, Colombo 01200 Sri Lanka",,https://www.tripadvisor.com/Attraction_Review-g293962-d7155436-Reviews-Beira_Lake-Colombo_Western_Province.html,,156,#24 of 156 things to do in Colombo,200
ATTRACTION,Marino Mall,27,,attraction,4.0,+94 11 2 375375,"590 Galle Road Colombo 03, Colombo 00300 Sri Lanka",premises@marinomall.com,https://www.tripadvisor.com/Attraction_Review-g293962-d15084869-Reviews-Marino_Mall-Colombo_Western_Province.html,http://www.marinomall.com/,156,#27 of 156 things to do in Colombo,75
RESTAURANT,The Fishery,1,$$ - $$$,restaurant,4.5,+94 11 2 049600,"Pegasus Reef Hotel No 2 Hendala, Wattala 11300 Sri Lanka",info@pegasusreefhotel.com,https://www.tripadvisor.com/Restaurant_Review-g1189028-d12384471-Reviews-The_Fishery-Wattala_Western_Province.html,http://www.thefishery.lk/,12,#1 of 15 places to eat in Wattala,103
ATTRACTION,Vogue Jewellers (Pvt) Ltd,1,,attraction,5.0,+94 11 2 414414,"528 Galle Rd, Colombo 00300 Sri Lanka",customerfeedback@voguejewellers.com,https://www.tripadvisor.com/Attraction_Review-g293962-d13166925-Reviews-Vogue_Jewellers_Pvt_Ltd-Colombo_Western_Province.html,http://www.voguejewellers.com,204,#1 of 204 Shopping in Colombo,789
ATTRACTION,Colombo City Centre,26,,attraction,4.0,+94 70 251 4811,"137 Sir James Pieris Mawatha, Colombo 00200 Sri Lanka",info@colombocitycentre.lk,https://www.tripadvisor.com/Attraction_Review-g293962-d15218691-Reviews-Colombo_City_Centre-Colombo_Western_Province.html,http://www.colombocitycentre.lk,156,#26 of 156 things to do in Colombo,119
ATTRACTION,One Galle Face,25,,attraction,4.0,+94 11 7 869888,"1A, Centre Road, Colombo 00200 Sri Lanka",info@onegalleface.com,https://www.tripadvisor.com/Attraction_Review-g293962-d19410547-Reviews-One_Galle_Face-Colombo_Western_Province.html,http://onegalleface.com/,156,#25 of 156 things to do in Colombo,85
ATTRACTION,Colombo Fort Railway Station,37,,attraction,3.5,+94 11 2 434215,"Olcott Mawatha Road, Colombo Sri Lanka",,https://www.tripadvisor.com/Attraction_Review-g293962-d7034994-Reviews-Colombo_Fort_Railway_Station-Colombo_Western_Province.html,http://www.railway.gov.lk,156,#37 of 156 things to do in Colombo,477
ATTRACTION,Good Market,23,,attraction,4.0,+94 77 020 8642,"Racecourse, Colombo 07, Colombo 00700 Sri Lanka",info@goodmarket.lk,https://www.tripadvisor.com/Attraction_Review-g293962-d4325281-Reviews-Good_Market-Colombo_Western_Province.html,http://info.goodmarket.global/saturday-good-market.html,156,#23 of 156 things to do in Colombo,109
ATTRACTION,Arcade Independence Square,21,,attraction,4.0,+94 11 2 055636,"7 Colombo, Colombo 00700 Sri Lanka",info@independentarcade.com,https://www.tripadvisor.com/Attraction_Review-g293962-d6949126-Reviews-Arcade_Independence_Square-Colombo_Western_Province.html,https://www.facebook.com/arcadeindependence/,156,#21 of 156 things to do in Colombo,194
ATTRACTION,Asokaramaya Buddhist Temple,8,,attraction,4.5,,"Thimbirigasyaya Rd, Colombo 00500 Sri Lanka",,https://www.tripadvisor.com/Attraction_Review-g293962-d7056001-Reviews-Asokaramaya_Buddhist_Temple-Colombo_Western_Province.html,,156,#8 of 156 things to do in Colombo,198
ATTRACTION,R. Premadasa Stadium,19,,attraction,4.0,+94 11 2 681601,"Khettarama Road Maligawatta, Colombo Sri Lanka",,https://www.tripadvisor.com/Attraction_Review-g293962-d3548025-Reviews-R_Premadasa_Stadium-Colombo_Western_Province.html,http://www.srilankacricket.lk,156,#19 of 156 things to do in Colombo,184
ATTRACTION,Number 11,18,,attraction,4.5,+94 11 4 337335,"No. 11 33rd Lane, Bagatelle Road Colombo 3, Colombo 00300 Sri Lanka",admin@gbtrust.net,https://www.tripadvisor.com/Attraction_Review-g293962-d5970248-Reviews-Number_11-Colombo_Western_Province.html,https://geoffreybawa.com/number-11,156,#18 of 156 things to do in Colombo,148
ATTRACTION,Wolvendaal Church,22,,attraction,4.0,+94 11 2 360577,"Wolfendhal Street, Colombo 01100 Sri Lanka",stanley.nelson65@yahoo.co.uk,https://www.tripadvisor.com/Attraction_Review-g293962-d2452003-Reviews-Wolvendaal_Church-Colombo_Western_Province.html,http://wolvendaal.org/churches-monuments/wolvendaal-church-colombo,156,#22 of 156 things to do in Colombo,141
ATTRACTION,Colombo Fort,17,,attraction,4.0,+94 71 865 8922,"Galle Buck, Colombo Sri Lanka",,https://www.tripadvisor.com/Attraction_Review-g293962-d2487412-Reviews-Colombo_Fort-Colombo_Western_Province.html,http://colombofort.com/fort.streets.buildings.htm,156,#17 of 156 things to do in Colombo,352
ATTRACTION,Independence Memorial Hall,11,,attraction,4.0,,"Independence Square, Colombo 00700 Sri Lanka",,https://www.tripadvisor.com/Attraction_Review-g293962-d8091047-Reviews-Independence_Memorial_Hall-Colombo_Western_Province.html,http://www.museum.gov.lk/web/index.php?option=com_regionalm&task=regionalmuseum&id=10&Itemid=75&lang=en,156,#11 of 156 things to do in Colombo,477
ATTRACTION,Old Parliament Building,13,,attraction,4.0,+94 77 838 3798,"Fort, Colombo Sri Lanka",,https://www.tripadvisor.com/Attraction_Review-g293962-d3682845-Reviews-Old_Parliament_Building-Colombo_Western_Province.html,,156,#13 of 156 things to do in Colombo,318
ATTRACTION,Ballys Casino,20,,attraction,4.0,+94 11 2 460460,"34 D R Wijayawardena Mawatha, Colombo 01000 Sri Lanka",info@ballyscolombo.com,https://www.tripadvisor.com/Attraction_Review-g293962-d6697019-Reviews-Ballys_Casino-Colombo_Western_Province.html,http://www.ballyscolombo.com/,156,#20 of 156 things to do in Colombo,280
ATTRACTION,Temple of Sri Kailawasanathan Swami Devasthanam Kovil,4,,attraction,4.0,+94 11 2 687110,"Colombo District Hindu Temple No.11/15, Kovil Street, Captain's Garden, Maradana, Colombo-10, Colombo 01000 Sri Lanka",,https://www.tripadvisor.com/Attraction_Review-g293962-d4559565-Reviews-Temple_of_Sri_Kailawasanathan_Swami_Devasthanam_Kovil-Colombo_Western_Province.html,http://www.srikaileswaram.com,156,#4 of 156 things to do in Colombo,354
ATTRACTION,Independence Square,7,,attraction,4.0,,"Independence Avenue, Colombo 00700 Sri Lanka",,https://www.tripadvisor.com/Attraction_Review-g293962-d3519240-Reviews-Independence_Square-Colombo_Western_Province.html,,156,#7 of 156 things to do in Colombo,829
ATTRACTION,Seema Malakaya Temple,9,,attraction,4.0,+94 11 2 327084,"Sir James Pieris Mawatha, Colombo Sri Lanka",,https://www.tripadvisor.com/Attraction_Review-g293962-d2536790-Reviews-Seema_Malakaya_Temple-Colombo_Western_Province.html,http://visitcolombo.com/content/49-seema-malaka-temple,156,#9 of 156 things to do in Colombo,422
ATTRACTION,Sri Ponnambalam Vanesar Kovil,16,,attraction,4.5,,"Kotahena, Colombo Sri Lanka",,https://www.tripadvisor.com/Attraction_Review-g293962-d3870228-Reviews-Sri_Ponnambalam_Vanesar_Kovil-Colombo_Western_Province.html,,156,#16 of 156 things to do in Colombo,105
ATTRACTION,Dutch Hospital Shopping Precinct,12,,attraction,4.0,+94 11 5 288002,"Hospital Street Galle Fort, Colombo 00001 Sri Lanka",,https://www.tripadvisor.com/Attraction_Review-g293962-d2459884-Reviews-Dutch_Hospital_Shopping_Precinct-Colombo_Western_Province.html,https://www.facebook.com/DutchHospital,156,#12 of 156 things to do in Colombo,963
ATTRACTION,Colombo National Museum,14,,attraction,4.0,+94 77 838 3798,"Albert Crescent, Colombo Sri Lanka",,https://www.tripadvisor.com/Attraction_Review-g293962-d447450-Reviews-Colombo_National_Museum-Colombo_Western_Province.html,http://www.museum.gov.lk,156,#14 of 156 things to do in Colombo,1333
ATTRACTION,St Anthony's Shrine,2,,attraction,4.5,,"St Anthony's Mawatha Kochchikade, Colombo Sri Lanka",,https://www.tripadvisor.com/Attraction_Review-g293962-d3948711-Reviews-St_Anthony_s_Shrine-Colombo_Western_Province.html,,156,#2 of 156 things to do in Colombo,277
ATTRACTION,Pettah,29,,attraction,3.5,+94 11 2 448466,Colombo Sri Lanka,,https://www.tripadvisor.com/Attraction_Review-g293962-d447445-Reviews-Pettah-Colombo_Western_Province.html,http://www.srilankatouritineraries.com,156,#29 of 156 things to do in Colombo,304
ATTRACTION,Jami Ul-Alfar Mosque,6,,attraction,4.0,+94 11 2 430750,"Second Cross Street, Colombo 01100 Sri Lanka",,https://www.tripadvisor.com/Attraction_Review-g293962-d4091812-Reviews-Jami_Ul_Alfar_Mosque-Colombo_Western_Province.html,http://www.redmasjid.com,156,#6 of 156 things to do in Colombo,442
RESTAURANT,Paradise Road The Gallery Cafe,47,$$$$,restaurant,4.5,+94 11 2 582162,"2 Alfred House Road, Colombo 00300 Sri Lanka",gallerycafe@paradiseroad.lk,https://www.tripadvisor.com/Restaurant_Review-g293962-d802748-Reviews-Paradise_Road_The_Gallery_Cafe-Colombo_Western_Province.html,http://www.paradiseroad.lk/gallery_cafe/,832,"#47 of 1,007 places to eat in Colombo",2403
ATTRACTION,Viharamahadevi Park,5,,attraction,4.0,+94 11 2 675519,Colombo Sri Lanka,,https://www.tripadvisor.com/Attraction_Review-g293962-d6106425-Reviews-Viharamahadevi_Park-Colombo_Western_Province.html,http://srilankatouritineraries.com/viharamahadevi-park,156,#5 of 156 things to do in Colombo,711
ATTRACTION,Kelaniya Raja Maha Vihara,1,,attraction,4.5,+94 11 2 911505,Colombo Sri Lanka,info@weclanka.com,https://www.tripadvisor.com/Attraction_Review-g293962-d4689644-Reviews-Kelaniya_Raja_Maha_Vihara-Colombo_Western_Province.html,http://www.kelaniyatemple.org/,156,#1 of 156 things to do in Colombo,624
ATTRACTION,Galle Face Green,15,,attraction,4.0,+94 77 749 4959,"Galle Road, Colombo Sri Lanka",,https://www.tripadvisor.com/Attraction_Review-g293962-d3195710-Reviews-Galle_Face_Green-Colombo_Western_Province.html,http://gallefacehotel.com,156,#15 of 156 things to do in Colombo,2030
ATTRACTION,Mount Lavinia Beach,10,,attraction,4.0,+94 77 670 0439,Colombo Sri Lanka,,https://www.tripadvisor.com/Attraction_Review-g293962-d554029-Reviews-Mount_Lavinia_Beach-Colombo_Western_Province.html,http://www.plantationhotels.com,156,#10 of 156 things to do in Colombo,1516
ATTRACTION,Gangaramaya (Vihara) Buddhist Temple,3,,attraction,4.0,+94 11 2 435169,"61 Sri Jinaratana Road, Colombo Sri Lanka",,https://www.tripadvisor.com/Attraction_Review-g293962-d552525-Reviews-Gangaramaya_Vihara_Buddhist_Temple-Colombo_Western_Province.html,http://gangaramaya.com,156,#3 of 156 things to do in Colombo,3130
RESTAURANT,Crystal Jade,41,$$$$,restaurant,4.5,+94 11 2 044490,"Level 6, One Galle Face Mall, Colombo 00200 Sri Lanka",,https://www.tripadvisor.com/Restaurant_Review-g293962-d19403015-Reviews-Crystal_Jade-Colombo_Western_Province.html,https://crystaljade.lk/,832,"#41 of 1,007 places to eat in Colombo",124
RESTAURANT,Kuuraku Japanese Restaurant,177,$$ - $$$,restaurant,4.0,+94 11 2 307600,"48B Park Street Mews, Colombo 00200 Sri Lanka",kuuraku.psm@gmail.com,https://www.tripadvisor.com/Restaurant_Review-g293962-d10789281-Reviews-Kuuraku_Japanese_Restaurant-Colombo_Western_Province.html,https://www.facebook.com/kuurakucolombo/,832,"#177 of 1,007 places to eat in Colombo",132
RESTAURANT,Royal Thai - Cinnamon Lakeside,39,$$ - $$$,restaurant,4.5,+94 11 2 491945,"115 Sir Chittampalam A Gardiner Mawatha Cinnamon Lakeside Colombo, Colombo 00200 Sri Lanka",royalthai@cinnamonhotels.com,https://www.tripadvisor.com/Restaurant_Review-g293962-d1809583-Reviews-Royal_Thai_Cinnamon_Lakeside-Colombo_Western_Province.html,http://www.cinnamonlakeside.com,832,"#39 of 1,007 places to eat in Colombo",617
RESTAURANT,Cafe Shaze,56,$$ - $$$,restaurant,4.5,+94 76 776 6765,"56 Horton Pl, Colombo 00700 Sri Lanka",,https://www.tripadvisor.com/Restaurant_Review-g293962-d6725690-Reviews-Cafe_Shaze-Colombo_Western_Province.html,http://www.cafeshaze.lk,832,"#56 of 1,007 places to eat in Colombo",336
RESTAURANT,Barefoot Garden Cafe,49,$$ - $$$,restaurant,4.0,+94 11 2 589305,"704 Galle Rd Kollupitiya, Colombo 00300 Sri Lanka",cafe@barefoot.lk,https://www.tripadvisor.com/Restaurant_Review-g293962-d1132743-Reviews-Barefoot_Garden_Cafe-Colombo_Western_Province.html,http://www.barefootceylon.com,832,"#49 of 1,007 places to eat in Colombo",1571
HOTEL,The Steuart by Citrus,26,$,hotel,4.0,+94 11 5 575575,"45 Janadhipathi Mawatha, Colombo 01000 Sri Lanka",info@thesteuart.lk,https://www.tripadvisor.com/Hotel_Review-g293962-d8139651-Reviews-The_Steuart_by_Citrus-Colombo_Western_Province.html,https://www.citrusleisure.com/steuart/,129,#26 of 129 hotels in Colombo,616
HOTEL,Hotel MaRadha Colombo,4,$,hotel,5.0,+94 11 2 550136,"31 St Kilda's Lane Marine Drive, Colombo 00300 Sri Lanka",sales@maradha.lk,https://www.tripadvisor.com/Hotel_Review-g293962-d24014431-Reviews-Hotel_MaRadha_Colombo-Colombo_Western_Province.html,http://maradha.lk,129,#4 of 129 hotels in Colombo,84
HOTEL,Grand Oriental Hotel,49,$,hotel,3.0,+94 11 2 320320,"2 York Street, Colombo 00200 Sri Lanka",sales@gransoriental.com,https://www.tripadvisor.com/Hotel_Review-g293962-d455917-Reviews-Grand_Oriental_Hotel-Colombo_Western_Province.html,http://www.grandoriental.com,129,#49 of 129 hotels in Colombo,743
HOTEL,Mirage Hotel Colombo,29,$,hotel,4.0,+94 76 673 6000,"61, Moors Road on Marine Drive Wellawatte, Colombo Colombo 06 Sri Lanka",salesmgr@miragecolombo.com,https://www.tripadvisor.com/Hotel_Review-g293962-d5892306-Reviews-Mirage_Hotel_Colombo-Colombo_Western_Province.html,http://www.miragecolombo.com,129,#29 of 129 hotels in Colombo,463
HOTEL,C 1 Colombo Fort,6,$,hotel,4.5,+94 11 2 389695,"37 Mudalige Mawatha Road, Colombo 00100 Sri Lanka",c1forthotel@gmail.com,https://www.tripadvisor.com/Hotel_Review-g293962-d13292575-Reviews-C_1_Colombo_Fort-Colombo_Western_Province.html,http://c1fortcolombo.com/,266,#6 of 266 Specialty lodging in Colombo,126
HOTEL,Jetwing Colombo Seven,18,$$,hotel,4.5,+94 11 4 709400,"57, Ward Place, Colombo 7, Colombo Sri Lanka",,https://www.tripadvisor.com/Hotel_Review-g293962-d10626598-Reviews-Jetwing_Colombo_Seven-Colombo_Western_Province.html,http://www.jetwinghotels.com/jetwingcolomboseven/,129,#18 of 129 hotels in Colombo,950
HOTEL,The Kingsbury Hotel,8,$$,hotel,4.5,+94 11 2 421221,"48 Janadhipathi Mawatha Colombo 1, Colombo 00100 Sri Lanka",info@thekingsburyhotel.com,https://www.tripadvisor.com/Hotel_Review-g293962-d3801214-Reviews-The_Kingsbury_Hotel-Colombo_Western_Province.html,http://www.thekingsburyhotel.com,129,#8 of 129 hotels in Colombo,4876
HOTEL,Renuka City Hotel,32,$,hotel,3.5,+94 11 2 573598,"328 Galle Road Colombo 3, Colombo Sri Lanka",renukaht@renukahotel.com,https://www.tripadvisor.com/Hotel_Review-g293962-d498698-Reviews-Renuka_City_Hotel-Colombo_Western_Province.html,http://www.renukahotel.com,129,#32 of 129 hotels in Colombo,789
HOTEL,Mandarina Colombo,9,$,hotel,4.5,+94 11 2 550660,"433 Galle Road Colombo 03, Colombo 00300 Sri Lanka",sales@mandarinacolombo.com,https://www.tripadvisor.com/Hotel_Review-g293962-d12002902-Reviews-Mandarina_Colombo-Colombo_Western_Province.html,http://www.mandarinacolombo.com/,129,#9 of 129 hotels in Colombo,1127
HOTEL,Colombo Court Hotel & Spa,7,$,hotel,4.5,+94 11 4 645333,"32 Alfred House Ave, Colombo 00300 Sri Lanka",info@colombocourthotel.com,https://www.tripadvisor.com/Hotel_Review-g293962-d2467186-Reviews-Colombo_Court_Hotel_Spa-Colombo_Western_Province.html,http://www.colombocourthotel.com,129,#7 of 129 hotels in Colombo,1216
RESTAURANT,Seafood Cove,1,$$ - $$$,restaurant,4.5,(011) 271 5221 7,"100 Hotel Rd Mt Lavinia, Mount Lavinia, Dehiwala-Mount Lavinia 10370 Sri Lanka",,https://www.tripadvisor.com/Restaurant_Review-g16740785-d1133608-Reviews-Seafood_Cove-Mount_Lavinia_Dehiwala_Mount_Lavinia_Western_Province.html,http://www.mountlaviniahotel.com/front/restaurantandbars_details.php,12,#1 of 19 places to eat in Mount Lavinia,419
RESTAURANT,Sugar Bistro & Wine Bar,48,$$ - $$$,restaurant,4.5,+94 11 2 446229,"Crescat Boulevard, Lobby -L1 Colombo 00300, Colombo Sri Lanka",info@sugarcolombo.com,https://www.tripadvisor.com/Restaurant_Review-g293962-d3600839-Reviews-Sugar_Bistro_Wine_Bar-Colombo_Western_Province.html,http://sugarcolombo.com/,832,"#48 of 1,007 places to eat in Colombo",719
HOTEL,Cinnamon Red Colombo,12,$,hotel,4.5,+94 11 2 145145,"59 Ananda Coomaraswamy Mawatha, Colombo 00300 Sri Lanka",info@cinnamonhotels.com,https://www.tripadvisor.com/Hotel_Review-g293962-d6912248-Reviews-Cinnamon_Red_Colombo-Colombo_Western_Province.html,http://www.cinnamonhotels.com/cinnamonredcolombo,129,#12 of 129 hotels in Colombo,3964
HOTEL,ME Colombo,3,$,hotel,5.0,+94 11 7 654321,"16 Park Road, Colombo 5 Sri Lanka",reservations@mecolombo.com,https://www.tripadvisor.com/Hotel_Review-g293962-d13160059-Reviews-ME_Colombo-Colombo_Western_Province.html,http://mecolombo.com/,129,#3 of 129 hotels in Colombo,882
HOTEL,Granbell Hotel Colombo,20,$,hotel,4.5,+94 11 2 397397,"282/5 Kollupitiya Road Colombo 03, Colombo 00300 Sri Lanka",reservations1@granbellhotel.lk,https://www.tripadvisor.com/Hotel_Review-g293962-d23958991-Reviews-Granbell_Hotel_Colombo-Colombo_Western_Province.html,https://granbellhotel.lk/,129,#20 of 129 hotels in Colombo,524
HOTEL,Cinnamon Grand Colombo,1,$$,hotel,4.5,+94 11 2 437437,"77 Galle Road, Colombo 00300 Sri Lanka",grand@cinnamonhotels.com,https://www.tripadvisor.com/Hotel_Review-g293962-d597086-Reviews-Cinnamon_Grand_Colombo-Colombo_Western_Province.html,http://www.cinnamonhotels.com/en/cinnamongrandcolombo/,129,#1 of 129 hotels in Colombo,14179
HOTEL,"Taj Samudra, Colombo",5,$$,hotel,4.5,+94 11 2 446622,"25 Galle Face Center Road, Colombo 00300 Sri Lanka",reservations.samudra@tajhotels.com,https://www.tripadvisor.com/Hotel_Review-g293962-d304700-Reviews-Taj_Samudra_Colombo-Colombo_Western_Province.html,https://www.tajhotels.com/en-in/taj/taj-samudra-colombo/,129,#5 of 129 hotels in Colombo,5174
RESTAURANT,Honey Beach Club,35,$$ - $$$,restaurant,4.5,+94 77 108 7720,"48 Janadhipathi Mawatha Lobby Level, Ground Floor, Colombo 00100 Sri Lanka",,https://www.tripadvisor.com/Restaurant_Review-g293962-d12922777-Reviews-Honey_Beach_Club-Colombo_Western_Province.html,http://indulgence.thekingsburyhotel.com/,832,"#35 of 1,007 places to eat in Colombo",268
HOTEL,Pearl Grand By Rathna,39,$,hotel,4.5,+94 11 2 597444,"No. 09 Edward Lane, Colombo 00300 Sri Lanka",info@pearlgrand.lk,https://www.tripadvisor.com/Hotel_Review-g293962-d25055235-Reviews-Pearl_Grand_By_Rathna-Colombo_Western_Province.html,https://www.pearlgrand.lk/,129,#39 of 129 hotels in Colombo,50
HOTEL,Zylan Colombo,17,$,hotel,4.5,+94 11 2 686883,"115 Rosmead Place, Colombo 00700 Sri Lanka",info@zylan.lk,https://www.tripadvisor.com/Hotel_Review-g293962-d2548789-Reviews-Zylan_Colombo-Colombo_Western_Province.html,http://www.zylan.lk,237,#17 of 237 B&Bs / Inns in Colombo,220
HOTEL,The Ocean Colombo,31,$,hotel,4.0,+94 11 5 110000,"No 40 Melbourne Avenue on Marine Drive, Colombo 00400 Sri Lanka",info@theoceancolombo.com,https://www.tripadvisor.com/Hotel_Review-g293962-d6887404-Reviews-The_Ocean_Colombo-Colombo_Western_Province.html,http://www.theoceancolombo.com,129,#31 of 129 hotels in Colombo,455
RESTAURANT,Sea Fish Restaurant,42,$$ - $$$,restaurant,4.5,+94 11 2 326915,"15 Sir Chittampalam A Gardiner Mawatha Fort, Colombo Sri Lanka",,https://www.tripadvisor.com/Restaurant_Review-g293962-d1133606-Reviews-Sea_Fish_Restaurant-Colombo_Western_Province.html,http://www.seafishcolombo.com/,832,"#42 of 1,007 places to eat in Colombo",536
RESTAURANT,Lagoon,32,$$$$,restaurant,4.5,+94 11 2 437437,"117 Sir Chittampalam A Gardiner Mawatha Cinnamon Grand Colombo, Colombo 00100 Sri Lanka",,https://www.tripadvisor.com/Restaurant_Review-g293962-d1007094-Reviews-Lagoon-Colombo_Western_Province.html,http://www.cinnamonhotels.com/cinnamongrandcolombo/dining/lagoon.html,832,"#32 of 1,007 places to eat in Colombo",2151
RESTAURANT,Colom Bar,55,$$ - $$$,restaurant,4.5,+94 11 2 491948,"115 Sir Chittampalam A Gardiner Mawatha Cinnamon Lakeside Colombo, Colombo 00200 Sri Lanka",lakeside@cinnamonhotels.com,https://www.tripadvisor.com/Restaurant_Review-g293962-d20223442-Reviews-Colom_Bar-Colombo_Western_Province.html,https://www.cinnamonhotels.com/cinnamonlakesidecolombo/experiences/Colombar,832,"#55 of 1,007 places to eat in Colombo",245
HOTEL,Movenpick Hotel Colombo,10,$$,hotel,4.5,+94 11 7 450450,"24 Dharmapala Mawatha Dharmapala Mawatha, Colombo 00300 Sri Lanka",hotel.colombo@movenpick.com,https://www.tripadvisor.com/Hotel_Review-g293962-d11953119-Reviews-Movenpick_Hotel_Colombo-Colombo_Western_Province.html,http://www.movenpick.com/en/asia/sri-lanka/colombo/movenpick-hotel-colombo/overview/,129,#10 of 129 hotels in Colombo,2146
HOTEL,Shangri-La Colombo,17,$$$,hotel,4.5,01194117888288,"1 Galle Face Colombo 2, Colombo 00200 Sri Lanka",slcb@shangri-la.com,https://www.tripadvisor.com/Hotel_Review-g293962-d12720953-Reviews-Shangri_La_Colombo-Colombo_Western_Province.html,http://www.shangri-la.com/colombo/shangrila/,129,#17 of 129 hotels in Colombo,2252
HOTEL,Galle Face Hotel,21,$$,hotel,4.5,+94 11 7 541010,"2 Galle Road, Colombo 300 Sri Lanka",reservations@gallefacehotel.net,https://www.tripadvisor.com/Hotel_Review-g293962-d2038179-Reviews-Galle_Face_Hotel-Colombo_Western_Province.html,http://www.gallefacehotel.com/,129,#21 of 129 hotels in Colombo,3178
RESTAURANT,Flavoured at Cinnamon Red,44,$$ - $$$,restaurant,4.5,+94 11 2 145176,"59 Ananda Coomaraswamy MW, Colombo 03 59, Ananda Coomaraswamy Mawatha, Colombo Sri Lanka",shaned@cinnamonhotels.com,https://www.tripadvisor.com/Restaurant_Review-g293962-d9739661-Reviews-Flavoured_at_Cinnamon_Red-Colombo_Western_Province.html,http://www.cinnamonhotels.com/cinnamonredcolombo/dining/flavoured.html,832,"#44 of 1,007 places to eat in Colombo",159
RESTAURANT,Chutneys At Cinnamon Grand Colombo,33,$$ - $$$,restaurant,4.5,+94 11 2 497372,"77 Galle Road, Colombo 00300 Sri Lanka",,https://www.tripadvisor.com/Restaurant_Review-g293962-d1874044-Reviews-Chutneys_At_Cinnamon_Grand_Colombo-Colombo_Western_Province.html,http://www.cinnamonhotels.com/cinnamongrandcolombo/dining/chutneys.html,832,"#33 of 1,007 places to eat in Colombo",1955
HOTEL,Ramada by Wyndham Colombo,11,$$,hotel,4.5,+94 77 754 4717,"30 Sir Mohamed Macan Markar Mawatha, Colombo 00300 Sri Lanka",info@ramadacolombo.com,https://www.tripadvisor.com/Hotel_Review-g293962-d306381-Reviews-Ramada_by_Wyndham_Colombo-Colombo_Western_Province.html,http://www.wyndhamhotels.com/en-uk/ramada/colombo-sri-lanka/ramada-colombo/overview,129,#11 of 129 hotels in Colombo,1687
HOTEL,Zest Metropole,44,$,hotel,4.5,+ 94 74 143 4343,"43 Hospital St, Colombo 00100 Sri Lanka",reservations@zestmetropole.com,https://www.tripadvisor.com/Hotel_Review-g293962-d23907381-Reviews-Zest_Metropole-Colombo_Western_Province.html,http://zestmetropole.com,129,#44 of 129 hotels in Colombo,19
RESTAURANT,Oak Ray Flower Drum Restaurant,31,$$ - $$$,restaurant,4.5,+94 11 2 577350,"38 Thurstan Road Colombo 03, Colombo 00300 Sri Lanka",flower_drum@aol.com,https://www.tripadvisor.com/Restaurant_Review-g293962-d817490-Reviews-Oak_Ray_Flower_Drum_Restaurant-Colombo_Western_Province.html,http://www.oakrayhotels.com,832,"#31 of 1,007 places to eat in Colombo",663
HOTEL,Fairview Hotel,27,$,hotel,4.5,+94 11 2 058392,"Ramakrishna Road, Colombo 00600 Sri Lanka",info@fairviewhotel.lk,https://www.tripadvisor.com/Hotel_Review-g293962-d8643886-Reviews-Fairview_Hotel-Colombo_Western_Province.html,http://www.tangerinehotels.com/fairview/,129,#27 of 129 hotels in Colombo,276
RESTAURANT,Isso,57,$$ - $$$,restaurant,4.5,+94 11 7 770300,"2 Sulaiman Terrace Green Path, Colombo 00500 Sri Lanka",hello@isso.lk,https://www.tripadvisor.com/Restaurant_Review-g293962-d10157533-Reviews-Isso-Colombo_Western_Province.html,http://www.isso.lk,832,"#57 of 1,007 places to eat in Colombo",312
RESTAURANT,Palmyrah Restaurant,58,$$ - $$$,restaurant,4.5,+94 11 2 573598,"328 Galle Rd Kollupitiya, Colombo 3 Sri Lanka",renukaht@renukahotel.com,https://www.tripadvisor.com/Restaurant_Review-g293962-d1133594-Reviews-Palmyrah_Restaurant-Colombo_Western_Province.html,http://www.renukacityhotel.com,832,"#58 of 1,007 places to eat in Colombo",329
RESTAURANT,Navratna,34,$$$$,restaurant,4.5,+94 11 2 446622,"Taj Samudra, No. 25, Galle Face Centre Road, Colombo 03, Colombo Sri Lanka",tshgm.colombo@tajhotels.com,https://www.tripadvisor.com/Restaurant_Review-g293962-d2654878-Reviews-Navratna-Colombo_Western_Province.html,http://taj.tajhotels.com/en-in/taj-samudra-colombo/restaurants/navratna-restaurant/,832,"#34 of 1,007 places to eat in Colombo",334
HOTEL,Marino Beach Colombo,14,$$,hotel,4.5,01194112375375,"590 Marine Drive, Colombo 00300 Sri Lanka",info@marinobeach.com,https://www.tripadvisor.com/Hotel_Review-g293962-d14106301-Reviews-Marino_Beach_Colombo-Colombo_Western_Province.html,http://www.marinobeach.com,129,#14 of 129 hotels in Colombo,1370
HOTEL,Lavonca Boutique Hotel,47,$,hotel,4.0,+94 11 2 431700,"8 Boyd Place, Colombo 00300 Sri Lanka",info@lavonca.com,https://www.tripadvisor.com/Hotel_Review-g293962-d15557919-Reviews-Lavonca_Boutique_Hotel-Colombo_Western_Province.html,https://www.facebook.com/lavoncaboutiquehotel/,129,#47 of 129 hotels in Colombo,37
HOTEL,"""27"" Spathodea - Oasis In The City",12,$,hotel,5.0,+94 77 084 3548,"27 Spathodea Ave Colombo just off the corner of Thimbirigasyaya road and Havelock road, Colombo 00500 Sri Lanka",glenn.howard3544@gmail.com,https://www.tripadvisor.com/Hotel_Review-g293962-d7816272-Reviews-27_Spathodea_Oasis_In_The_City-Colombo_Western_Province.html,http://www.southhouseweligama.com,237,#12 of 237 B&Bs / Inns in Colombo,92
HOTEL,Sunrise Boutique,37,$,hotel,4.5,,"291/8 Edward Avenue Colombo 5, Colombo 00600 Sri Lanka",,https://www.tripadvisor.com/Hotel_Review-g293962-d10747273-Reviews-Sunrise_Boutique-Colombo_Western_Province.html,,129,#37 of 129 hotels in Colombo,65
HOTEL,The Havelock Place Bungalow,15,$,hotel,4.5,+94 11 2 585191,"6, Havelock Place Colombo 5, Colombo Sri Lanka",info@havelockbungalow.com,https://www.tripadvisor.com/Hotel_Review-g293962-d509723-Reviews-The_Havelock_Place_Bungalow-Colombo_Western_Province.html,http://www.havelockbungalow.com/,237,#15 of 237 B&Bs / Inns in Colombo,390
HOTEL,Global Towers Hotel,41,$,hotel,3.5,+94 11 2 591000,"11 Marine Drive, Colombo 00900 Sri Lanka",info@globallanka.com,https://www.tripadvisor.com/Hotel_Review-g293962-d524419-Reviews-Global_Towers_Hotel-Colombo_Western_Province.html,http://www.globaltowershotel.com/,129,#41 of 129 hotels in Colombo,484
HOTEL,Galadari Hotel,36,$,hotel,3.5,0094766496081,"64 Lotus Road, Colombo 10732 Sri Lanka",info@galadarihotel.com,https://www.tripadvisor.com/Hotel_Review-g293962-d447410-Reviews-Galadari_Hotel-Colombo_Western_Province.html,http://www.galadarihotel.lk/,129,#36 of 129 hotels in Colombo,1269
HOTEL,Metro City Hotel,68,$,hotel,3.0,+94 11 2 321133,"122 Justice Akbar Mawatha, Colombo 00200 Sri Lanka",metrocitycolombo@gmail.com,https://www.tripadvisor.com/Hotel_Review-g293962-d8565669-Reviews-Metro_City_Hotel-Colombo_Western_Province.html,http://www.metrocityhotel.com/,129,#68 of 129 hotels in Colombo,112
HOTEL,Rockwell Colombo,7,$,hotel,4.5,+94 71 273 9394,"14 Borella Cross Road off Ward Place, Colombo 00800 Sri Lanka",madhawa@rockwellcolombo.com,https://www.tripadvisor.com/Hotel_Review-g293962-d6369998-Reviews-Rockwell_Colombo-Colombo_Western_Province.html,http://RockwellColombo.com,237,#7 of 237 B&Bs / Inns in Colombo,233
HOTEL,CityRest Fort,9,$,hotel,4.0,+94 77 395 1475,"46 Hospital Street Colombo 1, Colombo 00100 Sri Lanka",fort@cityrest.lk,https://www.tripadvisor.com/Hotel_Review-g293962-d6022613-Reviews-CityRest_Fort-Colombo_Western_Province.html,http://cityrest.lk,237,#9 of 237 B&Bs / Inns in Colombo,461
HOTEL,Paradise Road Tintagel Colombo,19,$$$,hotel,4.5,+94 11 4 602122,"65 Rosmead Place, Colombo 00700 Sri Lanka",annika@paradiseroad.lk,https://www.tripadvisor.com/Hotel_Review-g293962-d1142847-Reviews-Paradise_Road_Tintagel_Colombo-Colombo_Western_Province.html,,129,#19 of 129 hotels in Colombo,795
HOTEL,Cinnamon Lakeside Colombo,2,$$,hotel,4.5,+94 11 2 491000,"115 Sir Chittampalam A Gardiner Mawatha, Colombo 00200 Sri Lanka",lakeside@cinnamonhotels.com,https://www.tripadvisor.com/Hotel_Review-g293962-d456049-Reviews-Cinnamon_Lakeside_Colombo-Colombo_Western_Province.html,http://www.cinnamonlakeside.com,129,#2 of 129 hotels in Colombo,7820
HOTEL,Highbury Colombo,18,$,hotel,4.5,+94 77 436 6273,"14 / 1, Skelton Road Havelock Town, Colombo 0500 Sri Lanka",manojiww@yahoo.com,https://www.tripadvisor.com/Hotel_Review-g293962-d2571750-Reviews-Highbury_Colombo-Colombo_Western_Province.html,http://www.highburycolombo.com,237,#18 of 237 B&Bs / Inns in Colombo,392
HOTEL,Saveira Colombo,63,$,hotel,4.0,+94 11 2 555009,"05 185 Havelock Rd, Colombo 00500 Sri Lanka",saveiracolombo@gmail.com,https://www.tripadvisor.com/Hotel_Review-g293962-d18928620-Reviews-Saveira_Colombo-Colombo_Western_Province.html,,129,#63 of 129 hotels in Colombo,9
HOTEL,De Saram House by Geoffrey Bawa,36,$$,hotel,4.5,+94 77 732 3978,"61/6 Ward Place, Colombo 00700 Sri Lanka",laki@gbtrust.net,https://www.tripadvisor.com/Hotel_Review-g293962-d20871041-Reviews-De_Saram_House_by_Geoffrey_Bawa-Colombo_Western_Province.html,https://geoffreybawa.com/number-11,237,#36 of 237 B&Bs / Inns in Colombo,14
HOTEL,Ivy Lane Colombo,4,$,hotel,4.0,+94 11 2 575733,"538 Galle Road Colombo 03, Colombo 00300 Sri Lanka",info@ivylane.lk,https://www.tripadvisor.com/Hotel_Review-g293962-d7732501-Reviews-Ivy_Lane_Colombo-Colombo_Western_Province.html,http://www.ivylane.lk/,237,#4 of 237 B&Bs / Inns in Colombo,320
HOTEL,Colombo Beach Hostel,13,$,hotel,4.0,+94 77 787 1393,"30 De Saram Road, Colombo 10370 Sri Lanka",desaramroad@gmail.com,https://www.tripadvisor.com/Hotel_Review-g293962-d5922591-Reviews-Colombo_Beach_Hostel-Colombo_Western_Province.html,http://www.colombobeachhostel.com,266,#13 of 266 Specialty lodging in Colombo,168
HOTEL,Best Western Elyon Colombo,24,$,hotel,4.0,+94 11 7 527527,"102A, Kirulapone Avenue Baseline Road, Colombo 5 Sri Lanka",elyon@bestwesterncolombo.com,https://www.tripadvisor.com/Hotel_Review-g293962-d6678224-Reviews-Best_Western_Elyon_Colombo-Colombo_Western_Province.html,http://www.bestwesterncolombo.com/,129,#24 of 129 hotels in Colombo,720
HOTEL,Earl's Red Colombo,58,$,hotel,3.5,+94 11 2 667060,"266 Doctor Danister De Silva Mawatha, Colombo 00900 Sri Lanka",res.colombo@earlsred.lk,https://www.tripadvisor.com/Hotel_Review-g293962-d13982288-Reviews-Earl_s_Red_Colombo-Colombo_Western_Province.html,https://www.facebook.com/earlsred/,129,#58 of 129 hotels in Colombo,19
HOTEL,Courtyard by Marriott Colombo,15,$$,hotel,4.5,18446310595,"137 Muttiah Road Colombo City Centre, Colombo 00200 Sri Lanka",,https://www.tripadvisor.com/Hotel_Review-g293962-d23996995-Reviews-Courtyard_by_Marriott_Colombo-Colombo_Western_Province.html,https://www.marriott.com/en-us/hotels/cmbcy-courtyard-colombo,129,#15 of 129 hotels in Colombo,159
HOTEL,Hotel Nippon,49,$,hotel,3.5,+94 11 2 431888,"123 Kumaran Rathnam Road Slave Island, Colombo 00200 Sri Lanka",info@hotelnipponcolombo.com,https://www.tripadvisor.com/Hotel_Review-g293962-d2486960-Reviews-Hotel_Nippon-Colombo_Western_Province.html,https://www.hotelnippon.lk/,237,#49 of 237 B&Bs / Inns in Colombo,112
RESTAURANT,Long Feng â€“ Cinnamon Lakeside,38,$$ - $$$,restaurant,4.5,+94 11 2 491949,"115 Sir Chittampalam A Gardiner Mawatha Cinnamon Lakeside Colombo, Colombo 00200 Sri Lanka",longfeng@cinnamonhotels.com,https://www.tripadvisor.com/Restaurant_Review-g293962-d1023029-Reviews-Long_Feng_Cinnamon_Lakeside-Colombo_Western_Province.html,https://www.cinnamonhotels.com/cinnamonlakesidecolombo/experiences/long-feng,832,"#38 of 1,007 places to eat in Colombo",407
HOTEL,Opulence Colombo,52,$,hotel,4.5,,"78 Peer Saibo Street, Colombo 01200 Sri Lanka",,https://www.tripadvisor.com/Hotel_Review-g293962-d16865002-Reviews-Opulence_Colombo-Colombo_Western_Province.html,https://www.facebook.com/OpulenceColombo/,129,#52 of 129 hotels in Colombo,9
RESTAURANT,Ceylon Curry Club,46,$$ - $$$,restaurant,4.5,+94 77 339 3391,"No. 2 Dutch Hospital Shopping Precinct, Colombo 00100 Sri Lanka",,https://www.tripadvisor.com/Restaurant_Review-g293962-d23733257-Reviews-Ceylon_Curry_Club-Colombo_Western_Province.html,http://ceyloncurryclub.com/,832,"#46 of 1,007 places to eat in Colombo",122
HOTEL,Hilton Colombo,23,$$,hotel,4.0,+94 11 2 492492,"2 Sir Chittampalam A Gardiner Mawatha Mawatha, Colombo, Colombo 00200 Sri Lanka",colombo@hilton.com,https://www.tripadvisor.com/Hotel_Review-g293962-d306379-Reviews-Hilton_Colombo-Colombo_Western_Province.html,http://www3.hilton.com/en/hotels/sri-lanka/hilton-colombo-COLHITW/index.html,129,#23 of 129 hotels in Colombo,3037
HOTEL,Ellen's Place,6,$,hotel,4.5,+94 11 2 680062,"31 Shady Grove Avenue, Colombo 00800 Sri Lanka",info@ellensplace.lk,https://www.tripadvisor.com/Hotel_Review-g293962-d5501950-Reviews-Ellen_s_Place-Colombo_Western_Province.html,http://www.ellensplace.lk,237,#6 of 237 B&Bs / Inns in Colombo,152
HOTEL,Juliana Hotel - Colombo,85,$,hotel,2.5,+94 11 2 334222,"316 Galle Road, Colombo 00300 Sri Lanka",info@julianalk.com,https://www.tripadvisor.com/Hotel_Review-g293962-d2285733-Reviews-Juliana_Hotel_Colombo-Colombo_Western_Province.html,https://julianalk.com/,129,#85 of 129 hotels in Colombo,71
HOTEL,Ocean Edge Suites & Hotel,40,$,hotel,4.0,+94 11 4 689999,"No. 24 10th Lane, Colombo 00300 Sri Lanka",bookings@oceanedgesrilanka.com,https://www.tripadvisor.com/Hotel_Review-g293962-d8762900-Reviews-Ocean_Edge_Suites_Hotel-Colombo_Western_Province.html,http://www.oceanedgesrilanka.com,129,#40 of 129 hotels in Colombo,198
HOTEL,"Ceylon City Hotel, Colombo",33,$,hotel,4.0,+94 11 2 508000,"No. 11 Upatissa Road, Colombo 00400 Sri Lanka",reservations.cmb@ceyloncityhotels.com,https://www.tripadvisor.com/Hotel_Review-g293962-d7133606-Reviews-Ceylon_City_Hotel_Colombo-Colombo_Western_Province.html,http://www.ceyloncityhotels.com,129,#33 of 129 hotels in Colombo,325
HOTEL,Wonder Hotel Colombo,25,$,hotel,4.5,+94 11 2 381000,"213 Galle Road, Colombo 00300 Sri Lanka",reservations@wondercolombo.com,https://www.tripadvisor.com/Hotel_Review-g293962-d13330467-Reviews-Wonder_Hotel_Colombo-Colombo_Western_Province.html,https://wondercolombo.com/,129,#25 of 129 hotels in Colombo,237
HOTEL,Uga Residence,13,$$$$,hotel,4.5,+94 11 2 448438,"No. 20 Park Street, Colombo 01000 Sri Lanka",inquiries@ugaescapes.com,https://www.tripadvisor.com/Hotel_Review-g293962-d7728518-Reviews-Uga_Residence-Colombo_Western_Province.html,http://www.ugaescapes.com/residence/,129,#13 of 129 hotels in Colombo,586
HOTEL,Hostel at Galle Face,9,$,hotel,4.5,+94 77 202 1274,"41 1/1 Galle Face Terrace, Colombo Sri Lanka",hostelscmb@gmail.com,https://www.tripadvisor.com/Hotel_Review-g293962-d8112633-Reviews-Hostel_at_Galle_Face-Colombo_Western_Province.html,,266,#9 of 266 Specialty lodging in Colombo,105
HOTEL,Miracle City Inn,43,$,hotel,4.0,+94 11 2 386386,"No. 177 R A De Mel Mawatha, Colombo 00300 Sri Lanka",info@miraclecityinn.com,https://www.tripadvisor.com/Hotel_Review-g293962-d17568033-Reviews-Miracle_City_Inn-Colombo_Western_Province.html,http://www.miraclecityinn.com,266,#43 of 266 Specialty lodging in Colombo,9
HOTEL,Hotel Sapphire,48,$,hotel,3.5,+94-11-2363306,"371 Galle Road, Colombo 00600 Sri Lanka",rsvtns@hotelsapphirelk.com,https://www.tripadvisor.com/Hotel_Review-g293962-d456047-Reviews-Hotel_Sapphire-Colombo_Western_Province.html,http://www.hotelsapphirelk.com/index.htm,129,#48 of 129 hotels in Colombo,255
HOTEL,Palmyrah Residencies,81,$,hotel,3.5,+94 77 301 7208,"22 Palmyrah Avenue, 03, Colombo Sri Lanka",,https://www.tripadvisor.com/Hotel_Review-g293962-d6498491-Reviews-Palmyrah_Residencies-Colombo_Western_Province.html,http://www.palmyrahresidencies.com/,237,#81 of 237 B&Bs / Inns in Colombo,12
HOTEL,Hilton Colombo Residences,16,$$,hotel,4.5,+94 11 5 344644,"200 Union Place, Colombo 00200 Sri Lanka",colomboresidence_info@hilton.com,https://www.tripadvisor.com/Hotel_Review-g293962-d300682-Reviews-Hilton_Colombo_Residences-Colombo_Western_Province.html,http://colomboresidence.hilton.com,129,#16 of 129 hotels in Colombo,1644
HOTEL,City Hotel Colombo 02,50,$,hotel,4.0,+94 77 713 7731,"23 Lillie Street, Colombo 00200 Sri Lanka",info@cityhotelcolombo.com,https://www.tripadvisor.com/Hotel_Review-g293962-d15135237-Reviews-City_Hotel_Colombo_02-Colombo_Western_Province.html,http://www.cityhotelcolombo.com,129,#50 of 129 hotels in Colombo,32
HOTEL,55TG's Boutique Suites,27,$$,hotel,4.5,+94 77 780 4488,"55 Lionel Edirisinghe Mawatha Kirrulapone, Colombo 00600 Sri Lanka",,https://www.tripadvisor.com/Hotel_Review-g293962-d12713722-Reviews-55TG_s_Boutique_Suites-Colombo_Western_Province.html,,237,#27 of 237 B&Bs / Inns in Colombo,37
HOTEL,Prana Home,45,$,hotel,4.5,,"No 60 Horton Place, Colombo 00700 Sri Lanka",,https://www.tripadvisor.com/Hotel_Review-g293962-d16674447-Reviews-Prana_Home-Colombo_Western_Province.html,,129,#45 of 129 hotels in Colombo,21
HOTEL,The Residence,32,$,hotel,4.0,+94 11 2 583326,"471 4/1 Galle Road, Colombo 300 Sri Lanka",info@theresidence.lk,https://www.tripadvisor.com/Hotel_Review-g293962-d9585315-Reviews-The_Residence-Colombo_Western_Province.html,http://www.theresidence.lk,237,#32 of 237 B&Bs / Inns in Colombo,56
HOTEL,Havelock City Hostel,65,$,hotel,5.0,,"40/18 Park Road Thimbirigasyaya, Colombo 00500 Sri Lanka",,https://www.tripadvisor.com/Hotel_Review-g293962-d14773765-Reviews-Havelock_City_Hostel-Colombo_Western_Province.html,,266,#65 of 266 Specialty lodging in Colombo,1
HOTEL,Lost and Found Colombo Hostel & Cafe,48,$,hotel,5.0,+94 11 2 422011,"18 Boyd Pl, Colombo 00300 Sri Lanka",,https://www.tripadvisor.com/Hotel_Review-g293962-d24066664-Reviews-Lost_and_Found_Colombo_Hostel_Cafe-Colombo_Western_Province.html,,237,#48 of 237 B&Bs / Inns in Colombo,7
HOTEL,Seconds Hostel & Cafe,28,$,hotel,4.5,+94 77 878 5871,"44 Kirulapone Avenue, Colombo 00500 Sri Lanka",,https://www.tripadvisor.com/Hotel_Review-g293962-d15233360-Reviews-Seconds_Hostel_Cafe-Colombo_Western_Province.html,https://backpackhostel44.business.site/,266,#28 of 266 Specialty lodging in Colombo,15
HOTEL,Taru Villas - Lake Lodge,1,$$,hotel,4.5,+94 77 796 6252,"20 Alvis Terrace, Colombo 00300 Sri Lanka",info@taruvillas.com,https://www.tripadvisor.com/Hotel_Review-g293962-d586475-Reviews-Taru_Villas_Lake_Lodge-Colombo_Western_Province.html,http://www.taruvillas.com/,237,#1 of 237 B&Bs / Inns in Colombo,978
HOTEL,Colombo Residency,95,$,hotel,3.5,+94 11 7 203845,"No:30A Sea Avenue Kollupitiya, Colombo 00900 Sri Lanka",info@colomboresidency.lk,https://www.tripadvisor.com/Hotel_Review-g293962-d12222315-Reviews-Colombo_Residency-Colombo_Western_Province.html,http://www.colomboresidency.lk,237,#95 of 237 B&Bs / Inns in Colombo,6
HOTEL,Sayura House,5,$,hotel,4.5,+94 11 4 331145,"International Buddhist Center Road, Colombo 00600 Sri Lanka",info@sayurahouse.com,https://www.tripadvisor.com/Hotel_Review-g293962-d9730704-Reviews-Sayura_House-Colombo_Western_Province.html,http://sayurahouse.com/,266,#5 of 266 Specialty lodging in Colombo,78
HOTEL,Pearl City Hotel,74,$,hotel,3.0,+94 11 4 523800,"17 Baudhaloka Mawatha Colombo-04, Colombo 00400 Sri Lanka",pearlcityhotel@sitnek.lk,https://www.tripadvisor.com/Hotel_Review-g293962-d1961765-Reviews-Pearl_City_Hotel-Colombo_Western_Province.html,http://pearlgrouphotels.com/,237,#74 of 237 B&Bs / Inns in Colombo,104
HOTEL,Sheraton Colombo Hotel,74,$$$,hotel,3.0,18446310595,"265 Galle Rd, Colombo 00300 Sri Lanka",sheraton.colombo@sheraton.com,https://www.tripadvisor.com/Hotel_Review-g293962-d12079973-Reviews-Sheraton_Colombo_Hotel-Colombo_Western_Province.html,https://www.marriott.com/hotels/travel/cmbsi-sheraton-colombo-hotel/,129,#74 of 129 hotels in Colombo,9
HOTEL,Great Southern Hotel (GSH),42,$,hotel,3.5,+94 11 2 362402,"382 Galle Road, Colombo 00600 Sri Lanka",a-2117@lakpura.com,https://www.tripadvisor.com/Hotel_Review-g293962-d6000821-Reviews-Great_Southern_Hotel_GSH-Colombo_Western_Province.html,http://www.gshcolombo.com,129,#42 of 129 hotels in Colombo,256
HOTEL,Clock Inn Colombo,2,$,hotel,4.0,+94 11 2 500588,"457 Galle Road Colombo 03, Colombo 00300 Sri Lanka",info@clockinn.lk,https://www.tripadvisor.com/Hotel_Review-g293962-d3799431-Reviews-Clock_Inn_Colombo-Colombo_Western_Province.html,http://www.clockinn.lk,266,#2 of 266 Specialty lodging in Colombo,571
RESTAURANT,The Angler,1,$$ - $$$,restaurant,4.5,+94 77 837 4961,"71 Hotel Road Western, Dehiwala-Mount Lavinia 10370 Sri Lanka",sajinabeysuriya@gmail.com,https://www.tripadvisor.com/Restaurant_Review-g499079-d1206850-Reviews-The_Angler-Dehiwala_Mount_Lavinia_Western_Province.html,,90,#1 of 118 places to eat in Dehiwala-Mount Lavinia,331
HOTEL,Colombo City Hotel,101,$,hotel,3.0,+94 77 392 6507,"33 Canal Row Fort Colombo 01, Colombo 00100 Sri Lanka",frontoffice@colombocityhotel.com,https://www.tripadvisor.com/Hotel_Review-g293962-d875184-Reviews-Colombo_City_Hotel-Colombo_Western_Province.html,http://www.colombocityhotel.com,237,#101 of 237 B&Bs / Inns in Colombo,417
HOTEL,Radisson Hotel Colombo,22,$,hotel,4.0,+94 11 2 555570,"No 36-38 Clifford Place, Colombo 00500 Sri Lanka",info.colombo@radisson.com,https://www.tripadvisor.com/Hotel_Review-g293962-d5279732-Reviews-Radisson_Hotel_Colombo-Colombo_Western_Province.html,https://www.radissonhotels.com/en-us/hotels/radisson-colombo?facilitatorId=GLOBALSEO&cid=a:se+b:yex+c:apac+i:local+e:rad+d:seap+f:en-US+h:LKCMB1,129,#22 of 129 hotels in Colombo,2418
RESTAURANT,Cheers Pub,37,$$ - $$$,restaurant,4.5,+94 11 2 497373,"77, Galle Road, Colombo 3 Cinnamon Grand Colombo, Colombo Sri Lanka",grand@cinnamonhotels.com,https://www.tripadvisor.com/Restaurant_Review-g293962-d5308971-Reviews-Cheers_Pub-Colombo_Western_Province.html,http://www.cinnamonhotels.com,832,"#37 of 1,007 places to eat in Colombo",583
HOTEL,Omega Regency,55,$,hotel,3.5,+94 11 2 582277,"324 Galle Road Colombo 06, Colombo 10250 Sri Lanka",bookings@omegaregency.lk,https://www.tripadvisor.com/Hotel_Review-g293962-d1017324-Reviews-Omega_Regency-Colombo_Western_Province.html,http://www.omegaregency.lk/,129,#55 of 129 hotels in Colombo,52
HOTEL,Lafala Hotel,62,$,hotel,3.0,+94 11 4 545345,"No. 7 40th Lane, Wellawatte Inner Rajasinghe Rd, Colombo 00600 Sri Lanka",,https://www.tripadvisor.com/Hotel_Review-g293962-d5003901-Reviews-Lafala_Hotel-Colombo_Western_Province.html,https://www.facebook.com/lafalahotel/,129,#62 of 129 hotels in Colombo,92
HOTEL,Nelly Marine Hotel,48,$,hotel,3.5,+ 0112 500 707,"53 Ramakrishna Road 53/1e Wellawatte, Colombo 00600 Sri Lanka",,https://www.tripadvisor.com/Hotel_Review-g293962-d13831240-Reviews-Nelly_Marine_Hotel-Colombo_Western_Province.html,http://www.nellymarine.com/,266,#48 of 266 Specialty lodging in Colombo,12
HOTEL,Maniumpathy,6,$$$$,hotel,5.0,+94 11 2 696988,"129 Kynsey Road, Colombo 00700 Sri Lanka",reservations@maniumpathy.com,https://www.tripadvisor.com/Hotel_Review-g293962-d9702682-Reviews-Maniumpathy-Colombo_Western_Province.html,https://maniumpathy.com/,129,#6 of 129 hotels in Colombo,263
HOTEL,Palm Nest,14,$,hotel,4.5,+94 77 732 4950,"No. 237/9B, Vijaya Mawatha Rajamaha Vihara Road, Pita Kotte, Colombo 01100 Sri Lanka",anomadesilva123@yahoo.com,https://www.tripadvisor.com/Hotel_Review-g293962-d4048578-Reviews-Palm_Nest-Colombo_Western_Province.html,http://anomadesilva123.wix.com/palm-nest,237,#14 of 237 B&Bs / Inns in Colombo,170
HOTEL,OYO 108 Eestee Rest,143,$,hotel,1.5,+94 11 2 599190,"27 Jaya Rd, Colombo 00400 Sri Lanka",talistings@oyorooms.com,https://www.tripadvisor.com/Hotel_Review-g293962-d12345235-Reviews-OYO_108_Eestee_Rest-Colombo_Western_Province.html,http://www.oyorooms.com/48267?utm_source=tripadvisor&utm_medium=listing&utm_campaign=SRI_CMB007,266,#143 of 266 Specialty lodging in Colombo,4
HOTEL,Fern Colombo,19,$,hotel,4.0,+94 11 2 694143,"78 Rosmead Place, Colombo 00700 Sri Lanka",,https://www.tripadvisor.com/Hotel_Review-g293962-d13792792-Reviews-Fern_Colombo-Colombo_Western_Province.html,,266,#19 of 266 Specialty lodging in Colombo,31
HOTEL,Fairway Colombo,28,$,hotel,4.0,01194112153153,"No. 07 Hospital Street, Colombo 00100 Sri Lanka",info@fairwaycolombo.com,https://www.tripadvisor.com/Hotel_Review-g293962-d10750243-Reviews-Fairway_Colombo-Colombo_Western_Province.html,http://www.fairwaycolombo.com,129,#28 of 129 hotels in Colombo,1206
HOTEL,Trillium Hotel,77,$,hotel,3.0,+94 11 7 999123,"No. 210 Torrington Avenue, Colombo 00700 Sri Lanka",bookings@trilliumhotelcolombo.com,https://www.tripadvisor.com/Hotel_Review-g293962-d15130129-Reviews-Trillium_Hotel-Colombo_Western_Province.html,https://www.trilliumhotelcolombo.com,129,#77 of 129 hotels in Colombo,11
HOTEL,Brighten Hotels,118,$,hotel,3.0,+94 11 2 329664,"214/2 Messenger Street, Colombo 01200 Sri Lanka",brighten@eureka.lk,https://www.tripadvisor.com/Hotel_Review-g293962-d8451196-Reviews-Brighten_Hotels-Colombo_Western_Province.html,http://brightenhotels.lk/,237,#118 of 237 B&Bs / Inns in Colombo,10
HOTEL,Villa Talangama,4,,hotel,5.0,+94 11 2 744675,"370/F1 Lake Road Hokandara South, Colombo Sri Lanka",villatalangama@desilva.f9.co.uk,https://www.tripadvisor.com/Hotel_Review-g293962-d2099959-Reviews-Villa_Talangama-Colombo_Western_Province.html,http://www.villatalangama.com,266,#4 of 266 Specialty lodging in Colombo,103
HOTEL,Apna Colombo,70,$,hotel,4.5,,"36 Sudarshana Rd, Colombo 10250 Sri Lanka",,https://www.tripadvisor.com/Hotel_Review-g293962-d12631774-Reviews-Apna_Colombo-Colombo_Western_Province.html,,237,#70 of 237 B&Bs / Inns in Colombo,3
HOTEL,Srilax Stay,30,$,hotel,4.5,+94 77 753 8207,"3/1 Thambiah Avenue, Colombo 00700 Sri Lanka",srilaxstay@gmail.com,https://www.tripadvisor.com/Hotel_Review-g293962-d19072460-Reviews-Srilax_Stay-Colombo_Western_Province.html,http://www.facebook.com/srilaxstay/,237,#30 of 237 B&Bs / Inns in Colombo,24
HOTEL,Frangipani Homestay,20,,hotel,5.0,+94 71 068 1465,"24/2F-2/1, Hill Street Dehiwela-Mount Lavinia, Colombo 10350 Sri Lanka",harshini_fern@hotmail.com,https://www.tripadvisor.com/Hotel_Review-g293962-d3791434-Reviews-Frangipani_Homestay-Colombo_Western_Province.html,http://www.facebook.com/Frangipani-Homestay-141132733136971/,237,#20 of 237 B&Bs / Inns in Colombo,114
HOTEL,Silvikris Villas,46,$,hotel,4.0,,"32/9A Raymond Road Colombo, Colombo Sri Lanka",,https://www.tripadvisor.com/Hotel_Review-g293962-d2290429-Reviews-Silvikris_Villas-Colombo_Western_Province.html,http://silvikrisvillas.com/,237,#46 of 237 B&Bs / Inns in Colombo,100
HOTEL,Queens Park Apartments,63,$,hotel,4.0,+94 77 735 3473,"No 30/114,DM Colombage Mawatha, Colombo 10250 Sri Lanka",queensparkapartmentssl@gmail.com,https://www.tripadvisor.com/Hotel_Review-g293962-d16952062-Reviews-Queens_Park_Apartments-Colombo_Western_Province.html,https://www.queensparkapartments.com/,266,#63 of 266 Specialty lodging in Colombo,2
HOTEL,Urban Bliss Studio,32,$,hotel,5.0,+94 77 737 1171,"30/26 Longdon Place (off Malasekara Mawatha), Colombo 00700 Sri Lanka",urbanblcolombo@gmail.com,https://www.tripadvisor.com/Hotel_Review-g293962-d9794472-Reviews-Urban_Bliss_Studio-Colombo_Western_Province.html,,266,#32 of 266 Specialty lodging in Colombo,9
HOTEL,Thambili Island @ Stubbs,39,$,hotel,3.5,,"1A Stubbs Place, Colombo 00500 Sri Lanka",,https://www.tripadvisor.com/Hotel_Review-g293962-d12004746-Reviews-Thambili_Island_Stubbs-Colombo_Western_Province.html,,266,#39 of 266 Specialty lodging in Colombo,41
HOTEL,Star Class Comfort Capital City,25,$,hotel,5.0,+94 77 737 8488,"648, By Road 1, Off Subuthi Mawatha, Sri Subuthipura Road Subuthipura Battaramulla, Colombo 10120 Sri Lanka",,https://www.tripadvisor.com/Hotel_Review-g293962-d6434574-Reviews-Star_Class_Comfort_Capital_City-Colombo_Western_Province.html,,266,#25 of 266 Specialty lodging in Colombo,15
HOTEL,Star Anise Boutique Capsules,3,$,hotel,4.5,+94 76 703 2745,"No 15 1/1 Mudalige Mawatha, Colombo 00100 Sri Lanka",info@thestaranise.com,https://www.tripadvisor.com/Hotel_Review-g293962-d10955368-Reviews-Star_Anise_Boutique_Capsules-Colombo_Western_Province.html,http://thestaranise.com,266,#3 of 266 Specialty lodging in Colombo,249
HOTEL,Shalimar Hotel,34,$,hotel,3.5,+94 77 768 4531,"46, Panchikawatte Road, Colombo Sri Lanka",shalimarcolombo@aol.com,https://www.tripadvisor.com/Hotel_Review-g293962-d2531854-Reviews-Shalimar_Hotel-Colombo_Western_Province.html,https://www.facebook.com/Shalimar-Hotel-Colombo-318543401623625/,237,#34 of 237 B&Bs / Inns in Colombo,221
HOTEL,Unique Towers Luxury Boutique Suites,38,$,hotel,4.5,+94 11 2 302022,"No 30 Hyde Park Corner, Colombo 00200 Sri Lanka",info@uniquetowers.biz,https://www.tripadvisor.com/Hotel_Review-g293962-d3163948-Reviews-Unique_Towers_Luxury_Boutique_Suites-Colombo_Western_Province.html,http://www.uniquetowers.lk/,129,#38 of 129 hotels in Colombo,112
RESTAURANT,Calorie Counter Colombo,82,$$ - $$$,restaurant,4.5,+94 71 328 2828,"56 Thimbirigasyaya Road, Colombo Sri Lanka",duaine@caloriecounter.lk,https://www.tripadvisor.com/Restaurant_Review-g293962-d7607871-Reviews-Calorie_Counter_Colombo-Colombo_Western_Province.html,http://www.caloriecounter.lk,832,"#82 of 1,007 places to eat in Colombo",249
RESTAURANT,Waters Edge,81,$$ - $$$,restaurant,4.0,+94 11 2 863863,"316 Ethul Kotte Road Battaramulla, Colombo 10100 Sri Lanka",we@watersedge.lk,https://www.tripadvisor.com/Restaurant_Review-g293962-d2664837-Reviews-Waters_Edge-Colombo_Western_Province.html,http://www.watersedge.lk,832,"#81 of 1,007 places to eat in Colombo",430
RESTAURANT,LOON TAO,4,$$ - $$$,restaurant,4.0,+94 11 2 722723,"43/12 College Avenue On the Beach. Ocean View With Scenic Beauty., Dehiwala-Mount Lavinia 10370 Sri Lanka",reservations@loontao.com,https://www.tripadvisor.com/Restaurant_Review-g499079-d1143558-Reviews-LOON_TAO-Dehiwala_Mount_Lavinia_Western_Province.html,http://www.loontao.com,90,#4 of 118 places to eat in Dehiwala-Mount Lavinia,584
HOTEL,Bunkyard Hostels,1,,hotel,4.5,+94 77 730 2865,"20A Guildford Crescent, Colombo 00700 Sri Lanka",bunkyardhostels@gmail.com,https://www.tripadvisor.com/Hotel_Review-g293962-d10333795-Reviews-Bunkyard_Hostels-Colombo_Western_Province.html,http://www.bunkyardhostels.com,266,#1 of 266 Specialty lodging in Colombo,468
RESTAURANT,Park Street Trattoria,83,$$ - $$$,restaurant,4.5,+94 11 2 327111,"50/1 Parks street Colombo, Colombo 00200 Sri Lanka",info@parkstreettrattoria.com,https://www.tripadvisor.com/Restaurant_Review-g293962-d8751256-Reviews-Park_Street_Trattoria-Colombo_Western_Province.html,http://parkstreettrattoria.com,832,"#83 of 1,007 places to eat in Colombo",233
HOTEL,Port View City Hotel,19,$,hotel,4.0,+94 11 2 445158,"132 Central Road, Colombo 01200 Sri Lanka",gmstpholdingsleisure@gmail.com,https://www.tripadvisor.com/Hotel_Review-g293962-d4016333-Reviews-Port_View_City_Hotel-Colombo_Western_Province.html,http://www.portviewcityhotel.com,237,#19 of 237 B&Bs / Inns in Colombo,121
HOTEL,The Den 23,51,$,hotel,5.0,+94 76 818 7625,"No 23 Norris Canal Road, Colombo 01000 Sri Lanka",info@theden23.lk,https://www.tripadvisor.com/Hotel_Review-g293962-d23515947-Reviews-The_Den_23-Colombo_Western_Province.html,http://theden23.lk/,129,#51 of 129 hotels in Colombo,5
HOTEL,Mini's Residence,37,$,hotel,5.0,+94 77 726 9851,"136/3 Polhengoda Road, Colombo 00500 Sri Lanka",maxspeed.eranda@gmail.com,https://www.tripadvisor.com/Hotel_Review-g293962-d12219269-Reviews-Mini_s_Residence-Colombo_Western_Province.html,https://www.facebook.com/people/Minis-residence/100042994047247/,266,#37 of 266 Specialty lodging in Colombo,8
HOTEL,The Colombo Hotel,84,$,hotel,3.5,+94 71 340 0505,"357/10B, Pasal Mawatha, Kalapaluwawa, Colombo 10100 Sri Lanka",,https://www.tripadvisor.com/Hotel_Review-g293962-d10824688-Reviews-The_Colombo_Hotel-Colombo_Western_Province.html,https://colombo-hotel.business.site/,237,#84 of 237 B&Bs / Inns in Colombo,17
HOTEL,Supun Arcade Residency,31,$,hotel,3.5,+94 11 2 055040,"56, Galle Road, Colombo Sri Lanka",reservations@supunarcaderesidency.com,https://www.tripadvisor.com/Hotel_Review-g293962-d2614504-Reviews-Supun_Arcade_Residency-Colombo_Western_Province.html,http://www.supunarcaderesidency.com,266,#31 of 266 Specialty lodging in Colombo,172
HOTEL,Villa Capers,40,$,hotel,4.0,+94 11 2 690754,"26 Chandraleka Mawatha Off Cotta Road, Borella, Colombo 00800 Sri Lanka",capers.colombo@gmail.com,https://www.tripadvisor.com/Hotel_Review-g293962-d3211363-Reviews-Villa_Capers-Colombo_Western_Province.html,,237,#40 of 237 B&Bs / Inns in Colombo,35
HOTEL,Bhakthi Yoga Sri Lanka,60,$,hotel,5.0,+94 76 174 4453,"14 Nandimitra Place, Colombo 00600 Sri Lanka",,https://www.tripadvisor.com/Hotel_Review-g293962-d19844426-Reviews-Bhakthi_Yoga_Sri_Lanka-Colombo_Western_Province.html,https://www.facebook.com/bhakthiyogasrilanka/,129,#60 of 129 hotels in Colombo,2
HOTEL,Pearl Grand Hotel,35,$,hotel,4.0,+94 11 2 597444,"No. 9, Edward Lane Colombo 03, Colombo Sri Lanka",info@pearlgrandhotel.com,https://www.tripadvisor.com/Hotel_Review-g293962-d3795304-Reviews-Pearl_Grand_Hotel-Colombo_Western_Province.html,http://www.pearlgrandhotel.com/,129,#35 of 129 hotels in Colombo,347
HOTEL,Bed Hostel Colombo,14,$,hotel,4.5,+94 11 4 545596,"No 17 17a, Park Avenue Off Park Road, Colombo 05, Colombo 00500 Sri Lanka",reservations@bedhostels.com,https://www.tripadvisor.com/Hotel_Review-g293962-d6439383-Reviews-Bed_Hostel_Colombo-Colombo_Western_Province.html,http://www.bedhostels.com/#!cheap-hostels-colombo/cbtf,266,#14 of 266 Specialty lodging in Colombo,100
HOTEL,City Beds The Regent,8,$$$$,hotel,4.0,+94 11 2 393420,"20 Regent Building Sir Chittampalam A Gardiner Mw, Colombo 00200 Sri Lanka",info@citybedssrilanka.com,https://www.tripadvisor.com/Hotel_Review-g293962-d4748084-Reviews-City_Beds_The_Regent-Colombo_Western_Province.html,http://www.eshanabeywickrema.wix.com/citybedssrilanka,237,#8 of 237 B&Bs / Inns in Colombo,510
HOTEL,Sea Shine Beach Hotel,141,$,hotel,3.0,+94 77 200 1000,"212 Bopitiya Road Uswetakeiyawa, Colombo 11300 Sri Lanka",info@seashinebeach.com,https://www.tripadvisor.com/Hotel_Review-g293962-d4883175-Reviews-Sea_Shine_Beach_Hotel-Colombo_Western_Province.html,https://seashinebeach.com/,237,#141 of 237 B&Bs / Inns in Colombo,24
HOTEL,Moss Colombo,5,$,hotel,4.5,+94 11 2 553929,"160/2 Bauddhaloka Mawatha, Colombo 00400 Sri Lanka",mosscolombo@gmail.com,https://www.tripadvisor.com/Hotel_Review-g293962-d10898450-Reviews-Moss_Colombo-Colombo_Western_Province.html,,237,#5 of 237 B&Bs / Inns in Colombo,179
HOTEL,Greenscape Colombo,62,$,hotel,5.0,+94 76 977 7796,"15 Greenlands Avenue, Colombo 00500 Sri Lanka",,https://www.tripadvisor.com/Hotel_Review-g293962-d25377918-Reviews-Greenscape_Colombo-Colombo_Western_Province.html,,266,#62 of 266 Specialty lodging in Colombo,1
HOTEL,The Mangrove,13,,hotel,5.0,+94 11 7 533523,"15 / 24 A, 3rd Lane Off Chandra Wettasinghe Mawatha, Nawala, Colombo Sri Lanka",generalmanager@themangrovehotel.com,https://www.tripadvisor.com/Hotel_Review-g293962-d7238561-Reviews-The_Mangrove-Colombo_Western_Province.html,http://www.themangrovehotel.com,237,#13 of 237 B&Bs / Inns in Colombo,97
HOTEL,Drop Inn,59,$,hotel,4.5,+94 76 977 7796,"No 7 Esther Place Park Road, Colombo 00500 Sri Lanka",dropinn@outlook.com,https://www.tripadvisor.com/Hotel_Review-g293962-d12708353-Reviews-Drop_Inn-Colombo_Western_Province.html,,237,#59 of 237 B&Bs / Inns in Colombo,11
HOTEL,Colombo House by Ceilao Villas,3,$$,hotel,4.5,+94 11 7 235232,"47/1, Jawatte Road Colombo 5, Colombo Sri Lanka",info@ceilaovillas.com,https://www.tripadvisor.com/Hotel_Review-g293962-d3862326-Reviews-Colombo_House_by_Ceilao_Villas-Colombo_Western_Province.html,http://www.ceilaovillas.com/,237,#3 of 237 B&Bs / Inns in Colombo,224
HOTEL,Bangalawa,26,$,hotel,4.5,+94 71 443 3313,"4/9 Sanasa mawatha,Off Koswatte Road,Nawala, Colombo Sri Lanka",bangalawa@gmail.com,https://www.tripadvisor.com/Hotel_Review-g293962-d3200510-Reviews-Bangalawa-Colombo_Western_Province.html,http://bangalawa.com,237,#26 of 237 B&Bs / Inns in Colombo,55
RESTAURANT,Tintagel Colombo - Paradise Road,50,$$$$,restaurant,4.5,+94 11 4 602122,"65 Rosmead Place Colombo 07, Colombo Sri Lanka",dining@tintagelcolombo.com,https://www.tripadvisor.com/Restaurant_Review-g293962-d2667381-Reviews-Tintagel_Colombo_Paradise_Road-Colombo_Western_Province.html,http://www.paradiseroadhotels.com/tintagel/dining.php,832,"#50 of 1,007 places to eat in Colombo",304
HOTEL,Platinum One Suites,29,$$,hotel,3.5,+94 11 7 570000,"No. 1, Bagatalle Road, Colombo 00300 Sri Lanka",info@thekingsburyhotel.com,https://www.tripadvisor.com/Hotel_Review-g293962-d10066818-Reviews-Platinum_One_Suites-Colombo_Western_Province.html,https://platinumonesuites.com/,266,#29 of 266 Specialty lodging in Colombo,73
HOTEL,Aathma Colombo House,11,$$,hotel,5.0,+94 77 889 2555,"485/69 Diyawanna Residencies, Colombo 10100 Sri Lanka",customercare@aathma.com,https://www.tripadvisor.com/Hotel_Review-g293962-d13958479-Reviews-Aathma_Colombo_House-Colombo_Western_Province.html,http://www.aathma.com,266,#11 of 266 Specialty lodging in Colombo,51
RESTAURANT,The Poolside Bar and Terrace,79,$$ - $$$,restaurant,4.0,+94 11 2 541010,"2 Galle Road Galle Face Hotel, Colombo Sri Lanka",information@gallefacehotel.net,https://www.tripadvisor.com/Restaurant_Review-g293962-d1081462-Reviews-The_Poolside_Bar_and_Terrace-Colombo_Western_Province.html,http://www.gallefacehotel.com/the-pool-bar.php,832,"#79 of 1,007 places to eat in Colombo",267
HOTEL,D Pavilion inn,21,,hotel,4.5,+94 11 2 553436,"82 Stratford Avenue, Colombo 00600 Sri Lanka",,https://www.tripadvisor.com/Hotel_Review-g293962-d7242448-Reviews-D_Pavilion_inn-Colombo_Western_Province.html,,237,#21 of 237 B&Bs / Inns in Colombo,103
HOTEL,Majestic Apartments,99,$,hotel,4.0,,"34/6 E, Wijeyaba Mawatha, Nugegoda, Colombo 10250 Sri Lanka",,https://www.tripadvisor.com/Hotel_Review-g293962-d10202918-Reviews-Majestic_Apartments-Colombo_Western_Province.html,,266,#99 of 266 Specialty lodging in Colombo,1
HOTEL,Grand 7 Hotel Thalawathugoda,45,$,hotel,4.5,+94 11 2 171188,"269L Araliya Uyana, Hokandara Road, Colombo 10116 Sri Lanka",sevenelevenhotel@gmail.com,https://www.tripadvisor.com/Hotel_Review-g293962-d4247580-Reviews-Grand_7_Hotel_Thalawathugoda-Colombo_Western_Province.html,,237,#45 of 237 B&Bs / Inns in Colombo,43
RESTAURANT,A Minute by Tuk Tuk Colombo,84,$$ - $$$,restaurant,4.5,+94 11 2 324020,"No 9 Level 06, Sunset Terrace, One Galle Face, Colombo, Colombo 00100 Sri Lanka",,https://www.tripadvisor.com/Restaurant_Review-g293962-d19436070-Reviews-A_Minute_by_Tuk_Tuk_Colombo-Colombo_Western_Province.html,http://aminutebytuktuk.lk/,832,"#84 of 1,007 places to eat in Colombo",65
RESTAURANT,Upali's,64,$$ - $$$,restaurant,4.0,+94 11 2 695812,"65 C W W Kannangara Mawatha, Colombo Sri Lanka",upalis@nawaloka.lk,https://www.tripadvisor.com/Restaurant_Review-g293962-d5986538-Reviews-Upali_s-Colombo_Western_Province.html,http://upalis.com/,832,"#64 of 1,007 places to eat in Colombo",1256
HOTEL,College House College Street,76,$,hotel,5.0,,"52 College Street, Colombo 01300 Sri Lanka",,https://www.tripadvisor.com/Hotel_Review-g293962-d18453710-Reviews-College_House_College_Street-Colombo_Western_Province.html,,266,#76 of 266 Specialty lodging in Colombo,1
RESTAURANT,Yumi,59,$$$$,restaurant,4.5,+94 11 2 446622,"25 Galle Face Centre Road Hotel Taj Samudra, Colombo 00300 Sri Lanka",,https://www.tripadvisor.com/Restaurant_Review-g293962-d6280242-Reviews-Yumi-Colombo_Western_Province.html,https://www.facebook.com/YumiByTajSamudra/,832,"#59 of 1,007 places to eat in Colombo",184
RESTAURANT,Cricket Club Cafe,70,$$ - $$$,restaurant,4.0,+94 11 2 574394,"12 Flower Road, Colombo 00700 Sri Lanka",,https://www.tripadvisor.com/Restaurant_Review-g293962-d1132767-Reviews-Cricket_Club_Cafe-Colombo_Western_Province.html,http://thecricketclubcafeceylon.com/,832,"#70 of 1,007 places to eat in Colombo",1045
RESTAURANT,Rocco's,1,$$ - $$$,restaurant,4.5,+94 72 201 2121,"615A Nawala Road Sri Jayawardenapura Kotte, Rajagiriya 10107 Sri Lanka",roccospizzacmb@gmail.com,https://www.tripadvisor.com/Restaurant_Review-g13968411-d5784869-Reviews-Rocco_s-Rajagiriya_Western_Province.html,http://roccos.lk,11,#1 of 15 places to eat in Rajagiriya,304
HOTEL,Heritage Villa Colombo 7,143,$,hotel,1.0,,"4/3 Gregory's Road, Colombo 00700 Sri Lanka",,https://www.tripadvisor.com/Hotel_Review-g293962-d25942729-Reviews-Heritage_Villa_Colombo_7-Colombo_Western_Province.html,,237,#143 of 237 B&Bs / Inns in Colombo,1
RESTAURANT,Thuna Paha,1,$$ - $$$,restaurant,4.5,+94 76 673 3167,"316 Polduwa Road, Battaramulla 10120 Sri Lanka",thunapaha@watersedge.lk,https://www.tripadvisor.com/Restaurant_Review-g3343012-d12221832-Reviews-Thuna_Paha-Battaramulla_Western_Province.html,http://www.watersedge.lk,27,#1 of 33 places to eat in Battaramulla,175
HOTEL,Olu Colombo Villa,27,$,hotel,4.5,+94 76 762 9831,"4/3 Malalasekera Place, Colombo 00700 Sri Lanka",revenuemanagement@stayvista.com,https://www.tripadvisor.com/Hotel_Review-g293962-d12644940-Reviews-Olu_Colombo_Villa-Colombo_Western_Province.html,http://www.colombovilla.lk/,266,#27 of 266 Specialty lodging in Colombo,15
RESTAURANT,Life's Good Kitchen,80,$$ - $$$,restaurant,5.0,+94 77 674 1266,"No 61 Kassapa Road Jawatta road, Colombo 00500 Sri Lanka",lifesgoodkitchen@gmail.com,https://www.tripadvisor.com/Restaurant_Review-g293962-d19944683-Reviews-Life_s_Good_Kitchen-Colombo_Western_Province.html,http://www.facebook.com/lifesgoodkitchen/,832,"#80 of 1,007 places to eat in Colombo",37
RESTAURANT,Raja Bojun,85,$$ - $$$,restaurant,4.0,+94 11 4 716171,"282 R,A, De Mel Mawatha Liberty Arcade, Kollupitiya, Colombo 00300 Sri Lanka",dine@rajabojun.lk,https://www.tripadvisor.com/Restaurant_Review-g293962-d793129-Reviews-Raja_Bojun-Colombo_Western_Province.html,http://www.rajabojun.lk,832,"#85 of 1,007 places to eat in Colombo",559
HOTEL,My Little Island Hostel,8,$,hotel,5.0,+94 77 995 0503,"3 594/1, Galle Road, Colombo #594, Colombo 00300 Sri Lanka",reservations@tandvboutique.com,https://www.tripadvisor.com/Hotel_Review-g293962-d15025665-Reviews-My_Little_Island_Hostel-Colombo_Western_Province.html,http://www.fb.com/mylittleislandhostel,266,#8 of 266 Specialty lodging in Colombo,54
HOTEL,Visakha 6,41,$,hotel,5.0,+94 77 004 2428,"61/1 Visakha Road, Colombo 00400 Sri Lanka",,https://www.tripadvisor.com/Hotel_Review-g293962-d17532502-Reviews-Visakha_6-Colombo_Western_Province.html,https://www.facebook.com/pages/category/Hotel/Visakha-6-Holiday-Home-408503826377193/,266,#41 of 266 Specialty lodging in Colombo,4
HOTEL,Delma Bungalow,25,$,hotel,4.5,+94 11 2 787181,"1009/6 Nagahamulla Road Pelawatte, Battaramulla, Colombo Co.10120 Sri Lanka",homestay@delmabungalow.com,https://www.tripadvisor.com/Hotel_Review-g293962-d3308771-Reviews-Delma_Bungalow-Colombo_Western_Province.html,,237,#25 of 237 B&Bs / Inns in Colombo,56
HOTEL,Black Cat Bed and Breakfast,22,$,hotel,4.5,2694200,"11 Wijerama Mawatha, Colombo 00700 Sri Lanka",,https://www.tripadvisor.com/Hotel_Review-g293962-d9592621-Reviews-Black_Cat_Bed_and_Breakfast-Colombo_Western_Province.html,https://www.facebook.com/blackcatcafebooks/timeline,237,#22 of 237 B&Bs / Inns in Colombo,88
HOTEL,OYO MotelVIP,66,$,hotel,5.0,,"Dharmarama Road 46/A, 1/1, First floor, Colombo 10350 Sri Lanka",,https://www.tripadvisor.com/Hotel_Review-g293962-d23183435-Reviews-OYO_MotelVIP-Colombo_Western_Province.html,,129,#66 of 129 hotels in Colombo,1
HOTEL,RR House,75,$,hotel,5.0,,"492/8 Galle Road Wellawatte, Colombo 00600 Sri Lanka",,https://www.tripadvisor.com/Hotel_Review-g293962-d12695154-Reviews-RR_House-Colombo_Western_Province.html,,266,#75 of 266 Specialty lodging in Colombo,1
ATTRACTION,Borella All Saints Church,45,,attraction,4.5,+94 11 2 693051,"96 Ananda Rajakaruna Mawatha, Colombo 01000 Sri Lanka",,https://www.tripadvisor.com/Attraction_Review-g293962-d7785470-Reviews-Borella_All_Saints_Church-Colombo_Western_Province.html,,156,#45 of 156 things to do in Colombo,27
HOTEL,Rosmead Place by Thilanka,12,$,hotel,5.0,+94 77 043 4562,"27/16 Rosmead Place Rosmead Place, Colombo 00700 Sri Lanka",reservations@rosmeadplacecolombo7.com,https://www.tripadvisor.com/Hotel_Review-g293962-d21286680-Reviews-Rosmead_Place_by_Thilanka-Colombo_Western_Province.html,https://www.facebook.com/rosmeadbythilanka/,266,#12 of 266 Specialty lodging in Colombo,28
ATTRACTION,Nelum Pokuna Mahinda Rajapaksa Theatre,33,,attraction,4.0,+94 11 2 669433,"Nelum Pokuna Mawatha, Colombo 00700 Sri Lanka",,https://www.tripadvisor.com/Attraction_Review-g293962-d6158266-Reviews-Nelum_Pokuna_Mahinda_Rajapaksa_Theatre-Colombo_Western_Province.html,http://www.lotuspond.lk/,156,#33 of 156 things to do in Colombo,51
ATTRACTION,St. Thomas Chapel,32,,attraction,4.5,,"St. Thomas College, Colombo Sri Lanka",,https://www.tripadvisor.com/Attraction_Review-g293962-d3335227-Reviews-St_Thomas_Chapel-Colombo_Western_Province.html,,156,#32 of 156 things to do in Colombo,50
ATTRACTION,"CHI, The Spa",1,,attraction,5.0,+94 11 7 888288,"2 1 Galle Face, Colombo Shangri-La Hotel, Colombo 00200 Sri Lanka",chi.slcb@shangri-la.com,https://www.tripadvisor.com/Attraction_Review-g293962-d15617998-Reviews-CHI_The_Spa-Colombo_Western_Province.html,http://www.shangri-la.com/colombo/shangrila/health-leisure/chi-the-spa/,50,#1 of 50 Spas & Wellness in Colombo,104
